[{"ID":"1","monster_id":"4","name":"Incorporeal","description":"This monster cannot be hit by a player who moved during this beat."}, {"ID":"2","monster_id":"5","name":"Rage","description":"This monster has +2 power to all attacks for the rest of a duel whenever another Werewolf is killed."}, {"ID":"3","monster_id":"6","name":"Lurch","description":"Each time you move into a space adjacent to this monster, you lose 1 life.<br \/><br \/>\r\nEach time this monster moves into a space adjacent to you, you lose 1 life."}, {"ID":"4","monster_id":"7","name":"Incorporeal","description":"While Ancella's Ghost stands on a red space, she can only be hit by a player on a red space.\r\n\r\nWhen Ancella's Ghost stands on a normal space, she can only be hit by a player on a normal space."}, {"ID":"5","monster_id":"10","name":"Undead","description":"Immune to life loss"}, {"ID":"6","monster_id":"11","name":"Undead","description":"Immune to life loss"}, {"ID":"7","monster_id":"12","name":"Undead","description":"Immune to life loss"}, {"ID":"8","monster_id":"14","name":"Undead","description":"Immune to life loss"}, {"ID":"9","monster_id":"14","name":"Vampiric","description":"Each time this monster deals damage, it gains that much life."}, {"ID":"10","monster_id":"15","name":"Undead","description":"Immune to life loss"}, {"ID":"11","monster_id":"16","name":"Assimilation","description":"Each time this monster does damage, you lose gold equal to the damage dealt. For each point of gold lost, this monster regains that much life."}, {"ID":"12","monster_id":"17","name":"Oppressive","description":"During this fight, discard piles do not return to your hand until you Tag. When a character uses the tag base, return all discard piles to that character's hand."}]
