[{"ID":"1","name":"The Temple of the Sun","description":"During the ancient Draconic Wars, the Dragon King Greyheart fought against and killed the Machine God Mak'terix. Mak'terix's body came to rest in the center of the Sanghalese Desert, where a massive temple was built around it by his priests.\r\n\r\nThe Reliquary is an ancient order that collects dangerous and unstable relics, like those that are sealed deep within the temple. They have paid handsomely to have your exploration party retrieve whatever relics they can find within the heart of the temple.\r\n\r\nThis is a 3-man tag team dungeon. One player will control all three characters. The heroes collectively have 200 Gold with which to outfit themselves for the dungeon.","starting_gold":"150","total_characters":"3","monster_list":"8,9,1,10,11,12,13,14,15,16,17","tag":"1","share":"1","creator_id":""}, {"ID":"2","name":"Baroness Ancella's Crypt","description":"Baroness Ancella lived centuries ago in the heart of Relecour. It is said that she was among the richest of the Relecan barons to have ever lived, and that she stored away that incredible wealth with her in a tomb deep below the foothills near her estate. Your quest is to delve into this haunted crypt and claim the treasures within.\r\n\r\nThis is a Solo Dungeon. Only one Hero will be in your party. You can equip this hero with up to 100 Gold of supplies from the armory.","starting_gold":"100","total_characters":"1","monster_list":"2,3,4,5,6,7","tag":"1","share":"1","creator_id":""}]
