[{"ID":"1","dungeon_id":"1","starting_floor":"1","name":"Entryway","startlocation":"4","description":"After defeating all enemies in this room, gain 15 gold, minus 1 gold for each beat spent in this room (minimum of 0).","floor_size":"large","monsters":"8,9;9,1;9,7","space_classes":""}, {"ID":"2","dungeon_id":"2","starting_floor":"1","name":"Zombie Room","startlocation":"1","description":"Bonus: Clear this room in 5 beats or less to regain 3 life.","floor_size":"large","monsters":"2,3;2,5;2,7;2,9","space_classes":""}, {"ID":"3","dungeon_id":"2","starting_floor":"0","name":"Imp Room","startlocation":"2","description":"Bonus: Clear this room in 4 beats or less to regain 3 life.","floor_size":"large","monsters":"3,4;3,7;3,9","space_classes":""}, {"ID":"4","dungeon_id":"2","starting_floor":"0","name":"Whispering Room","startlocation":"5","description":"Bonus: Clear this room in 5 beats or less to take the route of your choice. Otherwise, go to Werewolves Den.","floor_size":"large","monsters":"4,2;4,4;4,7;4,9","space_classes":""}, {"ID":"5","dungeon_id":"2","starting_floor":"0","name":"Werewolves Den","startlocation":"5","description":"Bonus: Clear this room in 6 beats or less to start in any empty space you want in the next room.","floor_size":"large","monsters":"5,3;5,7","space_classes":""}, {"ID":"6","dungeon_id":"2","starting_floor":"0","name":"Filthy Ooze Room","startlocation":"3","description":"Bonus: If you clear this room in 10 beats or less, monsters in the next room have 3 less starting HP (to a minimum of 1).","floor_size":"large","monsters":"4,1;6,7;4,9","space_classes":""}, {"ID":"7","dungeon_id":"2","starting_floor":"0","name":"Putrid Room","startlocation":"2","description":"This room is cleared as soon as the Ooze is defeated. When a zombie is defeated, place a new zombie in the furthest unoccupied space from your current position.","floor_size":"large","monsters":"2,5;2,9;6,7","space_classes":""}, {"ID":"8","dungeon_id":"2","starting_floor":"0","name":"Horde of Imps","startlocation":"3","description":"This room is cleared as soon as the Werewolf is defeated. When an imp is defeated, place a new imp in the furthest unoccupied space from the Werewolf.","floor_size":"large","monsters":"3,2;3,5;5,7","space_classes":""}, {"ID":"9","dungeon_id":"2","starting_floor":"0","name":"Baroness Ancella's Sarcophagus","startlocation":"2","description":"Red tiles behave like regular tiles outside of Ancella's effects.","floor_size":"medium","monsters":"7,6","space_classes":"3,space-red;4,space-red;6,space-red;7,space-red"}, {"ID":"10","dungeon_id":"1","starting_floor":"0","name":"Branching Paths","startlocation":"1","description":"The Room divides into three paths. In order to proceed, you will need to send a different member of your party down each path, in order to simultaneously hit the switches that will open the final door.<br \/>\r\n<br \/>\r\nThere is also an armory here.","floor_size":"decision","monsters":"","space_classes":""}, {"ID":"11","dungeon_id":"1","starting_floor":"0","name":"Antechamber","startlocation":"1","description":"After defeating all enemies in this room, gain 15 gold, minus 1 gold for each beat spent in this room (minimum of 0).","floor_size":"large","monsters":"9,4;8,7;1,9","space_classes":""}, {"ID":"12","dungeon_id":"1","starting_floor":"0","name":"Long Hallway","startlocation":"5","description":"After defeating all enemies in this room, gain 15 gold, minus 1 gold for each beat spent in this room (minimum of 0).","floor_size":"large","monsters":"8,1;8,9","space_classes":""}, {"ID":"13","dungeon_id":"1","starting_floor":"0","name":"Ceremonial Chamber","startlocation":"5","description":"Gain an EX Base of your choice (Swapping it for the corresponding standard base) after you complete this room.","floor_size":"large","monsters":"1,1;9,3;9,7;1,9","space_classes":""}, {"ID":"14","dungeon_id":"1","starting_floor":"0","name":"Forked Path","startlocation":"6","description":"After defeating all enemies in this room, gain 15 gold, minus 1 gold for each beat spent in this room (minimum of 0).","floor_size":"large","monsters":"1,1;8,4;1,9","space_classes":""}, {"ID":"15","dungeon_id":"1","starting_floor":"0","name":"Sealed Chamber","startlocation":"5","description":"Gain a Trinket of your choice after you complete this room.","floor_size":"large","monsters":"10,1;10,9","space_classes":""}, {"ID":"16","dungeon_id":"1","starting_floor":"0","name":"Western Wing","startlocation":"9","description":"After you complete this room, gain 20 gold, minus 1 for each point of damage you took (minimum of 0).","floor_size":"large","monsters":"11,1;12,3;12,6","space_classes":""}, {"ID":"17","dungeon_id":"1","starting_floor":"0","name":"Old Armory","startlocation":"1","description":"This room contains a suit of rusted armor. Beside the armor is a potion of restoration, which seems to be there to restore the armor from age. You may either: <br \/>\r\n<ul>\r\n<li>Drink the restorative potion to regain 20 life.<\/li>\r\n<li>Gain an armor that provides +10 maximum life, and gain 10 life.<\/li>\r\n<\/ul>","floor_size":"decision","monsters":"","space_classes":""}, {"ID":"18","dungeon_id":"1","starting_floor":"0","name":"Cursed Mural Chamber","startlocation":"2","description":"This room contains one 'Cursed Mural' enemy that stands off of the board. The mural will eventually destroy itself by running out of life-- after this, you must defeat all monsters in the room to clear it. Gain an EX Base of your choice (swapping it for the corresponding normal base) after you complete this room.","floor_size":"large","monsters":"13,9","space_classes":""}, {"ID":"19","dungeon_id":"1","starting_floor":"0","name":"Hidden Passage","startlocation":"1","description":"A weapon sits on a pedestal in the middle of this room, surrounded by gold and treasures. As soon as you enter, the ceiling begins to collapse, and you have only a few seconds to get out-- enough time to grab one thing.<br\/<br\/>\r\nWill you take an EX weapon (replacing the corresponding normal base), or 30 Gold?","floor_size":"decision","monsters":"","space_classes":""}, {"ID":"20","dungeon_id":"1","starting_floor":"0","name":"Treasure Chamber","startlocation":"2","description":"Gain 30 gold after you complete this room.","floor_size":"medium","monsters":"16,6","space_classes":""}, {"ID":"21","dungeon_id":"1","starting_floor":"0","name":"Eastern Wing","startlocation":"1","description":"After you complete this room, gain 20 gold, minus 1 for each point of damage you took (minimum of 0).","floor_size":"large","monsters":"15,3;15,6;11,9","space_classes":""}, {"ID":"22","dungeon_id":"1","starting_floor":"0","name":"Chasm-torn chamber","startlocation":"1","description":"As you enter the room, you find another adventurer hanging from a ledge over a vast abyss-- aparently he sprung some sort of trap! The adventurer's bag full of liberated treasures are sliding towards the edge as well. The adventurer calls out for your help before he falls! Which will you save?<br\/>\r\n<b>Adventurer:<\/b> Gain a Henchman (or 20 gold, if you do not have Strikers)<br\/>\r\n<b>Gold Purse:<\/b> 40 Gold.","floor_size":"decision","monsters":"","space_classes":""}, {"ID":"23","dungeon_id":"1","starting_floor":"0","name":"High Priest's Tomb","startlocation":"2","description":"Gain a Trinket of your choice after you complete this room.","floor_size":"large","monsters":"12,4;15,6;11,8;14,9","space_classes":""}, {"ID":"24","dungeon_id":"1","starting_floor":"0","name":"The Great Gate","startlocation":"1","description":"<b><u>Play through the remaining paths until all of your party have reached this room.<\/u><\/b><br\/><br\/>\r\nAs you hit the three switches simultaneously, the doors before you open, reuniting your party. Now you beign the final descent into Mak-terix's resting place.<br\/>\r\nThere is also an Armory here.","floor_size":"decision","monsters":"","space_classes":""}, {"ID":"25","dungeon_id":"1","starting_floor":"0","name":"Cleansing Chamber","startlocation":"5","description":"Gain an Almighty base of your choice (swapping it for the corresponding standard base) after you complete this room.","floor_size":"large","monsters":"10,1;10,3;10,7;10,9","space_classes":""}, {"ID":"26","dungeon_id":"1","starting_floor":"0","name":"Final Atrium","startlocation":"2","description":"","floor_size":"medium","monsters":"17,6","space_classes":""}]
