[{"ID":"1","name":"Alexian","pClass":"player-alexian","game":"Devastation of Indines","flight":""}, {"ID":"2","name":"Adjenna","pClass":"player-adjenna","game":"Devastation of Indines","flight":""}, {"ID":"3","name":"Arec","pClass":"player-arec","game":"Devastation of Indines","flight":""}, {"ID":"4","name":"Aria","pClass":"player-aria","game":"Devastation of Indines","flight":""}, {"ID":"5","name":"Byron","pClass":"player-byron","game":"Devastation of Indines","flight":""}, {"ID":"6","name":"Cadenza","pClass":"player-cadenza","game":"War of Indines","flight":""}, {"ID":"7","name":"Cherri","pClass":"player-cherri","game":"War of Indines","flight":""}, {"ID":"8","name":"Clinhyde","pClass":"player-clinhyde","game":"Devastation of Indines","flight":""}, {"ID":"9","name":"Demitras","pClass":"player-demitras","game":"War of Indines","flight":""}, {"ID":"10","name":"Eligor","pClass":"player-eligor","game":"Devastation of Indines","flight":""}, {"ID":"11","name":"Endrbyt","pClass":"player-endrbyt","game":"Devastation of Indines","flight":""}, {"ID":"12","name":"Gaspar","pClass":"player-gaspar","game":"Devastation of Indines","flight":""}, {"ID":"13","name":"Gerard","pClass":"player-gerard","game":"Devastation of Indines","flight":""}, {"ID":"14","name":"Heketch","pClass":"player-heketch","game":"War of Indines","flight":""}, {"ID":"15","name":"Hepzibah","pClass":"player-hepzibah","game":"War of Indines","flight":""}, {"ID":"16","name":"Hikaru","pClass":"player-hikaru","game":"War of Indines","flight":""}, {"ID":"17","name":"Iaxus","pClass":"player-iaxus","game":"Devastation of Indines","flight":""}, {"ID":"18","name":"Joal","pClass":"player-joal","game":"Devastation of Indines","flight":""}, {"ID":"19","name":"Kaitlyn","pClass":"player-kaitlyn","game":"Devastation of Indines","flight":""}, {"ID":"20","name":"Kajia","pClass":"player-kajia","game":"Devastation of Indines","flight":""}, {"ID":"21","name":"Kallistar","pClass":"player-kallistar","game":"War of Indines","flight":""}, {"ID":"22","name":"Karin","pClass":"player-karin","game":"Devastation of Indines","flight":""}, {"ID":"23","name":"Kehrolyn","pClass":"player-kehrolyn","game":"War of Indines","flight":""}, {"ID":"24","name":"Khadath","pClass":"player-khadath","game":"War of Indines","flight":""}, {"ID":"25","name":"Lesandra","pClass":"player-lesandra","game":"Devastation of Indines","flight":""}, {"ID":"26","name":"Lixis","pClass":"player-lixis","game":"War of Indines","flight":""}, {"ID":"27","name":"Luc","pClass":"player-luc","game":"War of Indines","flight":""}, {"ID":"28","name":"Magdelina","pClass":"player-magdelina","game":"War of Indines","flight":""}, {"ID":"29","name":"Malandrax","pClass":"player-malandrax","game":"Devastation of Indines","flight":""}, {"ID":"30","name":"Marmelee","pClass":"player-marmelee","game":"Devastation of Indines","flight":""}, {"ID":"31","name":"Mikhail","pClass":"player-mikhail","game":"Devastation of Indines","flight":""}, {"ID":"32","name":"Oriana","pClass":"player-oriana","game":"Devastation of Indines","flight":""}, {"ID":"33","name":"Ottavia","pClass":"player-ottavia","game":"Devastation of Indines","flight":""}, {"ID":"34","name":"Pendros","pClass":"player-pendros","game":"Devastation of Indines","flight":""}, {"ID":"35","name":"Rexan","pClass":"player-rexan","game":"Devastation of Indines","flight":""}, {"ID":"36","name":"Rukyuk","pClass":"player-rukyuk","game":"War of Indines","flight":""}, {"ID":"37","name":"Runika","pClass":"player-runika","game":"Devastation of Indines","flight":""}, {"ID":"38","name":"Sagas","pClass":"player-sagas","game":"War of Indines","flight":""}, {"ID":"39","name":"Seth","pClass":"player-seth","game":"War of Indines","flight":""}, {"ID":"40","name":"Shehktur","pClass":"player-shehktur","game":"Devastation of Indines","flight":""}, {"ID":"41","name":"Tanis","pClass":"player-tanis","game":"Devastation of Indines","flight":""}, {"ID":"42","name":"Tatsumi","pClass":"player-tatsumi","game":"War of Indines","flight":""}, {"ID":"43","name":"Vanaah","pClass":"player-vanaah","game":"War of Indines","flight":""}, {"ID":"44","name":"Voco","pClass":"player-voco","game":"Devastation of Indines","flight":""}, {"ID":"45","name":"Zaamassal","pClass":"player-zaamassal","game":"War of Indines","flight":""}, {"ID":"46","name":"Burman","pClass":"player-burman","game":"Fate of Indines","flight":""}, {"ID":"47","name":"Clive","pClass":"player-clive","game":"Devastation of Indines","flight":""}, {"ID":"48","name":"Alumis","pClass":"player-alumis","game":"Fate of Indines","flight":""}, {"ID":"49","name":"Baenvier","pClass":"player-baenvier","game":"Fate of Indines","flight":""}, {"ID":"50","name":"Cesar","pClass":"player-cesar","game":"Devastation of Indines","flight":""}, {"ID":"51","name":"Eustace","pClass":"player-eustace","game":"Fate of Indines","flight":""}, {"ID":"52","name":"Iri","pClass":"player-iri","game":"Fate of Indines","flight":""}, {"ID":"53","name":"Lymn","pClass":"player-lymn","game":"Devastation of Indines","flight":""}, {"ID":"54","name":"Sarafina","pClass":"player-sarafina","game":"Fate of Indines","flight":""}, {"ID":"55","name":"Borneo","pClass":"player-borneo","game":"Promotional","flight":"Novice"}, {"ID":"56","name":"Juto","pClass":"player-juto","game":"Promotional","flight":"Novice"}, {"ID":"57","name":"Jager","pClass":"player-jager","game":"Fate of Indines","flight":""}, {"ID":"58","name":"Xenitia","pClass":"player-xenitia","game":"Fate of Indines","flight":""}, {"ID":"59","name":"Thessala","pClass":"player-thessala","game":"Fate of Indines","flight":""}, {"ID":"60","name":"Welsie","pClass":"player-welsie","game":"Fate of Indines","flight":""}]
