[{"ID":"1","source_id":"2","destination_id":"3"}, {"ID":"2","source_id":"3","destination_id":"4"}, {"ID":"3","source_id":"4","destination_id":"5"}, {"ID":"4","source_id":"4","destination_id":"6"}, {"ID":"5","source_id":"5","destination_id":"7"}, {"ID":"6","source_id":"6","destination_id":"8"}, {"ID":"7","source_id":"7","destination_id":"9"}, {"ID":"8","source_id":"8","destination_id":"9"}, {"ID":"9","source_id":"1","destination_id":"11"}, {"ID":"10","source_id":"11","destination_id":"12"}, {"ID":"11","source_id":"11","destination_id":"13"}, {"ID":"12","source_id":"13","destination_id":"12"}, {"ID":"13","source_id":"12","destination_id":"14"}, {"ID":"14","source_id":"14","destination_id":"15"}, {"ID":"15","source_id":"14","destination_id":"10"}, {"ID":"16","source_id":"10","destination_id":"16"}, {"ID":"17","source_id":"10","destination_id":"19"}, {"ID":"18","source_id":"10","destination_id":"21"}, {"ID":"19","source_id":"16","destination_id":"17"}, {"ID":"20","source_id":"17","destination_id":"18"}, {"ID":"21","source_id":"18","destination_id":"24"}, {"ID":"22","source_id":"19","destination_id":"20"}, {"ID":"23","source_id":"20","destination_id":"24"}, {"ID":"24","source_id":"21","destination_id":"22"}, {"ID":"25","source_id":"22","destination_id":"23"}, {"ID":"26","source_id":"23","destination_id":"24"}, {"ID":"27","source_id":"24","destination_id":"10"}, {"ID":"28","source_id":"24","destination_id":"25"}, {"ID":"29","source_id":"25","destination_id":"26"}, {"ID":"30","source_id":"15","destination_id":"10"}]
