[{"ID":"1","name":"Tomb Raider","maxHealth":"8","pClass":"monster-explorer"}, {"ID":"2","name":"Zombie","maxHealth":"3","pClass":"monster-zombie"}, {"ID":"3","name":"Imp","maxHealth":"3","pClass":"monster-imp"}, {"ID":"4","name":"Dark Wisp","maxHealth":"3","pClass":"monster-dWisp"}, {"ID":"5","name":"Werewolf","maxHealth":"12","pClass":"monster-wWolf"}, {"ID":"6","name":"Vile Ooze","maxHealth":"14","pClass":"monster-ooze"}, {"ID":"7","name":"Ancella's Ghost","maxHealth":"22","pClass":"monster-ancella"}, {"ID":"8","name":"Desperado","maxHealth":"6","pClass":"monster-pistolier"}, {"ID":"9","name":"Relic Hunter","maxHealth":"7","pClass":"monster-maskedthief"}, {"ID":"10","name":"Statuary Guardian","maxHealth":"24","pClass":"monster-stoneguardian"}, {"ID":"11","name":"Mummified Priest","maxHealth":"8","pClass":"monster-mummypriest"}, {"ID":"12","name":"Mummified Warrior","maxHealth":"6","pClass":"monster-mummysoldier"}, {"ID":"13","name":"Cursed Mural","maxHealth":"24","pClass":""}, {"ID":"14","name":"High Priest","maxHealth":"30","pClass":"monster-mummybishop"}, {"ID":"15","name":"Mummified Hound","maxHealth":"4","pClass":"monster-mummydog"}, {"ID":"16","name":"Treasure Golem","maxHealth":"40","pClass":"monster-treasuregolem"}, {"ID":"17","name":"ADAM","maxHealth":"60","pClass":"monster-adam"}]
