[  
   {  
      "ID":"1",
      "name":"Wave",
      "type":"Beta",
      "color":"purple"
   },
   {  
      "ID":"2",
      "name":"Throw",
      "type":"Beta",
      "color":"green"
   },
   {  
      "ID":"3",
      "name":"Spike",
      "type":"Beta",
      "color":"blue"
   },
   {  
      "ID":"4",
      "name":"Parry",
      "type":"Beta",
      "color":"yellow"
   },
   {  
      "ID":"5",
      "name":"Counter",
      "type":"Beta",
      "color":"red"
   },
   {  
      "ID":"6",
      "name":"Force",
      "type":"Beta",
      "color":"orange"
   },
   {  
      "ID":"7",
      "name":"Sweep",
      "type":"Delta",
      "color":"blue"
   },
   {  
      "ID":"8",
      "name":"Stagger",
      "type":"Delta",
      "color":"red"
   },
   {  
      "ID":"9",
      "name":"Lunge",
      "type":"Delta",
      "color":"orange"
   },
   {  
      "ID":"10",
      "name":"Leap",
      "type":"Delta",
      "color":"purple"
   },
   {  
      "ID":"11",
      "name":"Catch",
      "type":"Delta",
      "color":"green"
   },
   {  
      "ID":"12",
      "name":"Block",
      "type":"Delta",
      "color":"yellow"
   },
   {  
      "ID":"13",
      "name":"Smoke Bomb",
      "type":"Weapon",
      "color":"other"
   },
   {  
      "ID":"14",
      "name":"Yo-Yo",
      "type":"Weapon",
      "color":"other"
   },
   {  
      "ID":"15",
      "name":"Swordbreaker",
      "type":"Weapon",
      "color":"other"
   },
   {  
      "ID":"16",
      "name":"Scooter Pop",
      "type":"Weapon",
      "color":"other"
   },
   {  
      "ID":"17",
      "name":"Pen Toss",
      "type":"Weapon",
      "color":"other"
   },
   {  
      "ID":"18",
      "name":"Nunchaku",
      "type":"Weapon",
      "color":"other"
   },
   {  
      "ID":"19",
      "name":"Ninja Star",
      "type":"Weapon",
      "color":"other"
   },
   {  
      "ID":"20",
      "name":"Ninja Spark Scroll",
      "type":"Weapon",
      "color":"other"
   },
   {  
      "ID":"21",
      "name":"Ninja Ice Scroll",
      "type":"Weapon",
      "color":"other"
   },
   {  
      "ID":"22",
      "name":"Ninja Fire Scroll",
      "type":"Weapon",
      "color":"other"
   },
   {  
      "ID":"23",
      "name":"Mic Drop",
      "type":"Weapon",
      "color":"other"
   },
   {  
      "ID":"24",
      "name":"Machete Chop",
      "type":"Weapon",
      "color":"other"
   },
   {  
      "ID":"25",
      "name":"Lawnmower",
      "type":"Weapon",
      "color":"other"
   },
   {  
      "ID":"26",
      "name":"Holy Water",
      "type":"Weapon",
      "color":"other"
   },
   {  
      "ID":"27",
      "name":"Hammer Time",
      "type":"Weapon",
      "color":"other"
   },
   {  
      "ID":"28",
      "name":"Grenade",
      "type":"Weapon",
      "color":"other"
   },
   {  
      "ID":"29",
      "name":"Donkey Kick",
      "type":"Weapon",
      "color":"other"
   },
   {  
      "ID":"30",
      "name":"Chainsaw",
      "type":"Weapon",
      "color":"other"
   },
   {  
      "ID":"31",
      "name":"Cape Sweep",
      "type":"Weapon",
      "color":"other"
   },
   {  
      "ID":"32",
      "name":"Boomerang",
      "type":"Weapon",
      "color":"other"
   },
   {  
      "ID":"33",
      "name":"Wall Leap",
      "type":"Special",
      "color":"other"
   },
   {  
      "ID":"34",
      "name":"Taunt",
      "type":"Special",
      "color":"other"
   },
   {  
      "ID":"35",
      "name":"Storm Rage",
      "type":"Special",
      "color":"other"
   },
   {  
      "ID":"36",
      "name":"Spark Kick",
      "type":"Special",
      "color":"other"
   },
   {  
      "ID":"37",
      "name":"Rising Kick",
      "type":"Special",
      "color":"other"
   },
   {  
      "ID":"38",
      "name":"Mega Blaster",
      "type":"Special",
      "color":"other"
   },
   {  
      "ID":"39",
      "name":"Hop",
      "type":"Special",
      "color":"other"
   },
   {  
      "ID":"40",
      "name":"Harpoon",
      "type":"Special",
      "color":"other"
   },
   {  
      "ID":"41",
      "name":"Great Serpent",
      "type":"Special",
      "color":"other"
   },
   {  
      "ID":"42",
      "name":"Force Choke",
      "type":"Special",
      "color":"other"
   },
   {  
      "ID":"43",
      "name":"Eye Laser",
      "type":"Special",
      "color":"other"
   },
   {  
      "ID":"44",
      "name":"Eagle Punch",
      "type":"Special",
      "color":"other"
   },
   {  
      "ID":"45",
      "name":"Dragon Punch",
      "type":"Special",
      "color":"other"
   },
   {  
      "ID":"46",
      "name":"Divekick",
      "type":"Special",
      "color":"other"
   },
   {  
      "ID":"47",
      "name":"Disguise",
      "type":"Special",
      "color":"other"
   },
   {  
      "ID":"48",
      "name":"Demon Rage",
      "type":"Special",
      "color":"other"
   },
   {  
      "ID":"49",
      "name":"Buster Raccoon",
      "type":"Special",
      "color":"other"
   },
   {  
      "ID":"50",
      "name":"Blade Summoning",
      "type":"Special",
      "color":"other"
   },
   {  
      "ID":"51",
      "name":"Atomic Crusher",
      "type":"Special",
      "color":"other"
   },
   {  
      "ID":"52",
      "name":"Grip",
      "type":"EX",
      "color":"green"
   },
   {  
      "ID":"53",
      "name":"Blitz",
      "type":"EX",
      "color":"orange"
   },
   {  
      "ID":"54",
      "name":"Riposte",
      "type":"EX",
      "color":"blue"
   },
   {  
      "ID":"55",
      "name":"Bolt",
      "type":"EX",
      "color":"purple"
   },
   {  
      "ID":"56",
      "name":"Crush",
      "type":"EX",
      "color":"red"
   },
   {  
      "ID":"57",
      "name":"Slide",
      "type":"EX",
      "color":"yellow"
   },
   {  
      "ID":"58",
      "name":"Slam",
      "type":"Almighty",
      "color":"green"
   },
   {  
      "ID":"59",
      "name":"Rush",
      "type":"Almighty",
      "color":"orange"
   },
   {  
      "ID":"60",
      "name":"Blaster",
      "type":"Almighty",
      "color":"blue"
   },
   {  
      "ID":"61",
      "name":"Cannon",
      "type":"Almighty",
      "color":"purple"
   },
   {  
      "ID":"62",
      "name":"Breaker",
      "type":"Almighty",
      "color":"red"
   },
   {  
      "ID":"63",
      "name":"Roll",
      "type":"Almighty",
      "color":"yellow"
   },
   {  
      "ID":"64",
      "name":"Shot",
      "type":"Standard",
      "color":"purple"
   },
   {  
      "ID":"65",
      "name":"Grasp",
      "type":"Standard",
      "color":"green"
   },
   {  
      "ID":"66",
      "name":"Burst",
      "type":"Standard",
      "color":"blue"
   },
   {  
      "ID":"67",
      "name":"Dash",
      "type":"Standard",
      "color":"yellow"
   },
   {  
      "ID":"68",
      "name":"Strike",
      "type":"Standard",
      "color":"red"
   },
   {  
      "ID":"69",
      "name":"Drive",
      "type":"Standard",
      "color":"orange"
   }
]
